content,CLASS
Patient,
"Name : LAY, KAITLIN (24yo, F) ID# 63058 Appt. Date/Time : 11/06/2019 04:30PM",
DOB : 02/22/1995 Service Dept. : AXTELL CLINIC,
"Provider : ROBYN D. HARTVICKSON, MD Insurance",
Med Primary: BCBS-KS Insurance # : XSB886173538 Policy/Group # : 9616117,
Prescription: PRIME KANSAS COMM - Member is eligible. details,
Chief Complaint ob follow up,
Patient's Care Team,
"Primary Care Provider: ROBYN D HARTVICKSON MD: 700 MEDICAL CTR DR STE 210, NEWTON, KS 67114-9017, Ph (316) 283-2800, Fax (316) 283-3575 NPI: 1679532659",
"OB/GYN: ROBYN D HARTVICKSON MD: 700 MEDICAL CTR DR STE 210, NEWTON, KS 67114-9017, Ph (316) 283-2800, Fax (316) 283-3575 NPI: 1679532659",
Patient's Pharmacies,
"LEEKER'S PHARMACY (ERX): 6223 N BROADWAY, WICHITA KS 67219, Ph (316) 744-3948, Fax (316) 744-9801",
Vitals,
11/6/2019 16:34,
BP: 116/64 sitting,
Ht: 5 ft 3 in,
Wt: 126.4 lbs With clothes,
BMI: 22.4,
Measurements None recorded.,
Allergies Reviewed Allergies NKDA,
Medications Reviewed Medications,
Name: Prenatal,
Date: 07/09/19   entered,
Source: Erica Morrison,
Vaccines Reviewed Vaccines,
Vaccine Type: Tdap,
Date: 10/02/19 Amt.: 0.5 mL,
Route: Intramuscular,
"Site: Deltoid, Left",
NDC: Lot #: u6273aa Mfr.: Sanofi Pasteur Exp. Date: 04/24/21,
Date on VIS: 02/24/15,
VIS Given: 10/02/19,
"Vaccinator: Erica Morrison, Nurse - RDH Nurse",
Vaccine Type: Tdap,
Date: 06/28/16 Amt.:,
Route:,
Site:,
NDC: Lot #: Mfr.: Exp. Date:,
Date on VIS:,
VIS Given:,
Vaccinator:,
Vaccine Type: Tdap,
Date: 06/28/16 Amt.:,
Route:,
Site:,
NDC: Lot #: Mfr.: Exp. Date:,
Date on VIS:,
VIS Given:,
Vaccinator:,
"Vaccine Type: influenza, injectable, quadrivalent, preservative free",
Date: 10/02/19 Amt.:,
Route: Intramuscular,
"Site: Deltoid, Right",
NDC: Lot #: ut6656LA Mfr.: Sanofi Pasteur Exp. Date: 06/30/20,
Date on VIS: 08/15/19,
VIS Given: 10/02/19,
"Vaccinator: Erica Morrison, Nurse - RDH Nurse",
"Vaccine Type: influenza, injectable, quadrivalent",
Date: 10/03/18 Amt.:,
Route:,
Site:,
NDC: Lot #: Mfr.: Exp. Date:,
Date on VIS:,
VIS Given:,
Vaccinator:,
Vaccine Type: meningococcal,
Date: 06/01/06 Amt.:,
Route:,
Site:,
NDC: Lot #: Mfr.: Exp. Date:,
Date on VIS:,
VIS Given:,
Vaccinator:,
Problems Reviewed Problems,
* Pregnant - Onset: 06/10/2019,
Family History Reviewed Family History Father - Diabetes mellitus Paternal Grandfather - Diabetes mellitus Paternal Uncle - Diabetes mellitus,
Social History Reviewed Social History Family Medicine and OB,
Are you currently employed : Y,
Occupation: Teacher,
Alcohol intake: None,
Caffeine intake: Occasional (Notes: Tea),
Tobacco Smoking Status: Never smoker,
Marital status: Married,
Most Recent Tobacco Use Screening: 07/09/2019,
Surgical History Reviewed Surgical History,
* Extraction of wisdom tooth - 20 years old,
GYN History Reviewed GYN History,
Date of Last Pap Smear: (Notes: May 2018 Cypress family physicians).,
Date of LMP: 02/22/2019.,
Sexually Active : Y.,
Sexual Problems : N.,
STIs/STDs: N.,
Obstetric History Reviewed Obstetric History,
TOTAL: 1,
FULL:,
PRE: AB. I: AB. S:,
ECTOPICS:,
MULTIPLE:,
LIVING:,
Genetic Screening and Infection History,
"Medications (including Supplements, Vitamins, Herbs, OTC Drugs), Illicit/Recreational Drugs, Alcohol: Y, Tretinoin topical gel, PNV.",
"If Yes, Agent(s) And Strength/Dosage: Y",
Patient's Age Will Be 35 Years Or Older At Estimated Date of Delivery: N,
"2824: Thalassemia (Italian, Greek, Mediterranean, Or Asian Background): MCV < 80: N",
"Neural Tube Defect (Meningomyelocele, Spina Bifida, Or Anencephaly): N",
746: Congenital Heart Defect: N,
7580: Down Syndrome: N,
"Tay-Sachs (eg, Jewish, Cajun, French-Canadian): N",
Canavan Disease: N,
282: Sickle Cell Disease Or Trait (African): N,
Hemophilia Or Other Blood Disorders: N,
359: Muscular Dystrophy: N,
2770: Cystic Fibrosis: N,
3334: Huntington's Chorea: N,
319: Mental Retardation/Autism: N,
"If Yes, Was Person Tested For Fragile X : N",
Other Inherited Genetic Or Chromosomal Disorder: N,
"Maternal Metabolic Disorder (eg, Type 1 Diabetes, PKU): N",
Patient Or Baby's Father Had A Child With Birth Defects Not Listed Above: N,
"Recurrent Pregnancy Loss, Or A Stillbirth: N",
Any Other Genetic History: N,
Live With Someone With TB Or Exposed To TB: N,
Patient Or Partner Has History Of Genital Herpes: N,
Rash Or Viral Illness Since Last Menstrual Period: N,
Prior GBS-infected child: N,
"History Of STD, Gonorrhea, Chlamydia, HPV, Syphilis: N",
History of HIV: N,
History of Hepatitis: N,
Other Infection History: N,
Prenatal Flowsheet,
Fundus:,
Pres:,
FHR: 170 Present,
FM:,
PLS:,
Cervix Exam:,
BP: 116/70 sitting,
Wt: 112 lbs With clothes,
Albumin: none,
Glucose: none,
Edema: none,
Pain Scale:,
Comments: Nausea improving. +Fatigue. No s/b or cramping. Changed EDD to 1/1/2020 based on US. Initial lab work drawn today. 1st trimester education completed. QTA to pt. satisfaction. F/u in 4 weeks.,